{"cameraMode":{"drawMode":0,"name":"Shaded","section":"Shading Mode"},"sceneLighting":false,"audioPlay":false,"sceneViewState":{"showFog":true,"showMaterialUpdate":false,"showSkybox":true,"showFlares":true,"showImageEffects":true,"showParticleSystems":true},"in2DMode":false,"pivot":{"x":190.9544219970703,"y":47.4570198059082,"z":-98.23797607421875},"rotation":{"x":-0.007491573225706816,"y":0.04767496511340141,"z":-0.00035454161115922034,"w":-0.9988473653793335},"size":441.58941650390627,"orthographic":true}