{"cameraMode":{"drawMode":0,"name":"Shaded","section":"Shading Mode"},"sceneLighting":false,"audioPlay":false,"sceneViewState":{"m_AlwaysRefresh":false,"showFog":true,"showSkybox":false,"showFlares":true,"showImageEffects":true,"showParticleSystems":true,"showVisualEffectGraphs":true,"m_FxEnabled":true},"in2DMode":false,"pivot":{"x":0.00003533226845320314,"y":0.00003211272633052431,"z":-0.00005392510138335638},"rotation":{"x":-0.13522139191627503,"y":-0.5404879450798035,"z":0.0884849950671196,"w":-0.8257007002830505},"size":0.0005173205281607807,"orthographic":false}