{"cameraMode":{"drawMode":0,"name":"Shaded","section":"Shading Mode"},"sceneLighting":true,"audioPlay":false,"sceneViewState":{"m_AlwaysRefresh":false,"showFog":true,"showSkybox":true,"showFlares":true,"showImageEffects":true,"showParticleSystems":true,"showVisualEffectGraphs":true,"m_FxEnabled":true},"in2DMode":false,"pivot":{"x":-83.49891662597656,"y":28.40798568725586,"z":-114.80671691894531},"rotation":{"x":-0.010479919612407685,"y":-0.44275081157684328,"z":-0.005179855041205883,"w":0.89658522605896},"size":0.5834861993789673,"orthographic":false}